,h_distance,Elevation
0,0.0,424
1,967.9372292839283,208
2,1935.8740008003213,214
3,2903.810314820916,177
4,3871.746171605176,250
5,4839.681571424874,188
6,5807.616514546657,230
