,h_distance,Elevation
0,0.0,280
1,1035.4607693783407,278
2,2070.921614481843,211
3,3106.3825353317284,137
4,4141.843531956681,200
5,5177.304604377961,188
6,6212.765752624172,231
