,h_distance,Elevation
0,0.0,215
1,794.1156967095295,263
2,1588.231713127287,153
3,2382.348049409941,190
4,3176.464705713964,173
5,3970.5816821960275,189
6,4764.698979014479,160
