,h_distance,Elevation
0,0.0,230
1,789.3914248832717,210
2,1578.7828514848134,198
3,2368.1742798047494,196
4,3157.56570983952,168
5,3946.957141591122,161
6,4736.348575057855,177
