,h_distance,Elevation
0,0.0,213
1,694.024960882329,215
2,1388.049843270019,139
3,2082.074647184334,192
4,2776.0993726522706,179
5,3470.124019695226,156
6,4164.14858833457,162
